ENSEMBL,ENTREZID,SYMBOL,GENENAME,logFC,AveExpr,t,P.Value,adj.P.Val,B
ENSG00000205358,4496,MT1H,metallothionein 1H,8.80214996698017,1.29779552872444,5.75239146730833,5.25894508193564e-05,0.00194860194026832,-1.00670446321731
ENSG00000125148,4502,MT2A,metallothionein 2A,7.7623114132604,5.75494787715238,10.4044418730639,6.42837718900748e-08,4.3190659238644e-05,7.15207963859365
ENSG00000169715,4493,MT1E,metallothionein 1E,5.92477706193597,4.2309204488817,9.95276481911425,1.10944575211048e-07,4.70584753147089e-05,6.30075288136928
ENSG00000187193,4501,MT1X,metallothionein 1X,5.73881314658862,4.27900247864027,8.56727421032421,6.71389004383598e-07,0.000132033982649297,5.2996927268431
ENSG00000163053,151473,SLC16A14,solute carrier family 16 member 14,3.49317396074793,2.27876159845291,6.31879862282991,2.00940937038913e-05,0.00104151494773606,2.53154792785079
ENSG00000120937,4879,NPPB,natriuretic peptide B,2.90788249706022,7.89386324211934,9.39996344737037,2.22189997137551e-07,6.18762359735243e-05,7.36410722207568
ENSG00000140961,29948,OSGIN1,oxidative stress induced growth inhibitor 1,2.71564070967016,3.69885780083373,6.22107982162127,2.3646943762392e-05,0.00114506597047619,2.92700391946205
ENSG00000222041,112597,CYTOR,cytoskeleton regulator RNA,2.57776426791119,2.26798673773957,5.22460451814155,0.000134136143092035,0.00348862146348237,1.10172757135006
ENSG00000139269,83729,INHBE,inhibin subunit beta E,2.39640710072448,1.94309600105795,4.47607264240116,0.000538714252806094,0.0087833845566211,-0.053992514627069
ENSG00000102317,5935,RBM3,RNA binding motif protein 3,2.3949497760145,5.4896795376464,9.98508326497933,1.06628393447186e-07,4.70584753147089e-05,8.17647445331874
ENSG00000251562,378938,MALAT1,metastasis associated lung adenocarcinoma transcript 1,2.31470029237181,10.9153169391376,7.7217574564012,2.23617004004781e-06,0.000313549929528443,4.7646327348206
ENSG00000184524,51286,CEND1,cell cycle exit and neuronal differentiation 1,2.30139774159357,5.39359293316583,7.98764706264012,1.51770227321334e-06,0.000239930874074168,5.58076491924154
ENSG00000240038,280,AMY2B,amylase alpha 2B,2.23095949837566,1.22335746150741,4.54522333456021,0.000472444718463195,0.00804453124099157,-0.0474427905629504
ENSG00000151012,23657,SLC7A11,solute carrier family 7 member 11,2.14283679689413,4.23914400682878,7.21359295442497,4.80722878793002e-06,0.000461644300162546,4.47951963643628
ENSG00000102760,28984,RGCC,regulator of cell cycle,2.13724125781607,1.07137013722843,4.42529402224876,0.000593424044181827,0.00935532979732475,-0.252810242111665
ENSG00000166317,79933,SYNPO2L,synaptopodin 2 like,2.12854866506583,6.69345607520239,7.02499869876973,6.44081334121133e-06,0.000535351108902231,4.00051634733285
ENSG00000182916,56849,TCEAL7,transcription elongation factor A like 7,2.11192938139136,2.30182833171619,4.71933697754949,0.000340300400993266,0.006402968455095,0.416052727275301
ENSG00000158014,7780,SLC30A2,solute carrier family 30 member 2,2.10803460173156,3.28218777536108,5.74391539514431,5.33701101102128e-05,0.00196932042454733,2.1689414358762
ENSG00000172965,541471,MIR4435-2HG,MIR4435-2 host gene,2.05212842529889,2.64689666879147,5.66618765580626,6.11200970572644e-05,0.00212405509708705,1.93036073952467
ENSG00000149599,128853,DUSP15,dual specificity phosphatase 15,2.02563388305517,3.4595836173396,6.60246474479765,1.26197520926617e-05,0.000824477037236903,3.50364407105386
ENSG00000177410,441951,ZFAS1,ZNFX1 antisense RNA 1,2.01436042711378,3.24599992457548,5.75549185959997,5.23068910616793e-05,0.00194342999624327,2.17830786310367
ENSG00000142686,127703,C1orf216,chromosome 1 open reading frame 216,1.95081843831232,3.7073540184777,7.19264723640665,4.96483410982809e-06,0.000468175146321508,4.42769906571114
ENSG00000148677,27063,ANKRD1,ankyrin repeat domain 1,1.92968713587141,7.9210840101302,9.92080494351936,1.15395963741087e-07,4.70584753147089e-05,8.01608811237207
ENSG00000255198,735301,SNHG9,small nucleolar RNA host gene 9,1.8759864281136,2.30062199112364,4.47354355215796,0.000541312160080767,0.0087990509892161,0.00992959821795036
ENSG00000204381,143903,LAYN,layilin,1.85454016488407,2.90695246329531,5.3086333615152,0.00011526670191888,0.00315564612638698,1.43950108124696
ENSG00000167968,1775,DNASE1L2,deoxyribonuclease 1 like 2,1.85419524794782,1.75684270066261,4.49289037746489,0.000521762475607882,0.00856763739223737,0.00758172596693285
ENSG00000173210,22885,ABLIM3,actin binding LIM protein family member 3,1.82003186322129,3.27769837612507,5.32758237088549,0.000111407115342723,0.00308666621117079,1.48701515631606
ENSG00000149591,6876,TAGLN,transgelin,1.80966350463495,8.24175250470219,7.59765719867312,2.68760218059866e-06,0.000334742925377831,4.73361894816533
ENSG00000125520,56731,SLC2A4RG,SLC2A4 regulator,1.7879770227458,2.96463595764455,6.03271735165392,3.24855233268506e-05,0.00140436746285648,2.60971449552963
ENSG00000128283,11135,CDC42EP1,CDC42 effector protein 1,1.76484124582876,4.63115999842632,7.23148040482612,4.6768140525386e-06,0.000459839186568201,4.50740689969576
ENSG00000169136,22809,ATF5,activating transcription factor 5,1.76055577499566,1.89739206186002,4.42799901981526,0.000590370140585202,0.00934221640523688,-0.0803189503650872
ENSG00000101255,57761,TRIB3,tribbles pseudokinase 3,1.74028612108078,5.75243936332686,7.08352799187351,5.87888619383872e-06,0.000503335457200749,4.21701313643592
ENSG00000126803,3306,HSPA2,heat shock protein family A (Hsp70) member 2,1.73114823991475,3.58979276911732,5.01313258380751,0.000197261422479439,0.00450209636681189,0.935435345135219
ENSG00000215440,79716,NPEPL1,aminopeptidase like 1,1.72653359395561,3.37135387754521,5.33148130346975,0.000110629808909255,0.00307569942872713,1.49164023007319
ENSG00000125534,79144,PPDPF,pancreatic progenitor cell differentiation and proliferation factor,1.65051270409358,6.07053677144743,5.9848244251205,3.52449607569893e-05,0.00148776175970276,2.33943594611092
ENSG00000234741,60674,GAS5,growth arrest specific 5,1.64507833583796,5.57738020204867,8.45815467792674,7.8048040949348e-07,0.000146340076780028,6.23680275001634
ENSG00000041982,3371,TNC,tenascin C,1.61253777705075,6.35839026485558,5.80071471870612,4.83611881418137e-05,0.0018611555102309,1.96857047276599
ENSG00000100889,5106,PCK2,"phosphoenolpyruvate carboxykinase 2, mitochondrial",1.61218724638403,6.49953496263143,6.81377335245693,8.98799893936705e-06,0.000695303615578758,3.6540202825234
ENSG00000233016,84973,SNHG7,small nucleolar RNA host gene 7,1.60980470067152,4.00326463956595,7.30357404118946,4.18785260165191e-06,0.000430121803832083,4.59791599642619
ENSG00000140682,7041,TGFB1I1,transforming growth factor beta 1 induced transcript 1,1.59613183471494,4.99600981496065,6.18187591054313,2.52524299910168e-05,0.00119027720476924,2.81625738999339
ENSG00000137801,7057,THBS1,thrombospondin 1,1.57711448353404,7.12316636581811,6.09494069422191,2.92344449627697e-05,0.00130222493100735,2.38251877528118
ENSG00000168209,54541,DDIT4,DNA damage inducible transcript 4,1.56501349151056,5.98418899887764,6.35846143119133,1.88162457903501e-05,0.00100149084455542,2.99953947013406
ENSG00000250479,400916,CHCHD10,coiled-coil-helix-coiled-coil-helix domain containing 10,1.54555762048026,5.98935106282514,4.94541873112678,0.000223464003075347,0.00490118231193216,0.429037483829538
ENSG00000161671,284361,EMC10,ER membrane protein complex subunit 10,1.53604837281737,6.63975985961309,4.43076366878223,0.000587265605630474,0.00932052942007027,-0.631857012997451
ENSG00000166803,9768,PCLAF,PCNA clamp associated factor,1.53059141715341,3.14977830523793,5.2201263536255,0.000135227878002389,0.00350007950688367,1.30255325505618
ENSG00000075826,25956,SEC31B,"SEC31 homolog B, COPII coat complex component",1.51165298074072,2.90007637014405,4.55506803615368,0.000463717994411989,0.00794628337927026,0.159927711569045
ENSG00000092054,4625,MYH7,myosin heavy chain 7,1.51111058259864,7.07878192297563,5.30472626881262,0.000116079683647055,0.00316714872894883,0.941506421648842
ENSG00000165449,220963,SLC16A9,solute carrier family 16 member 9,1.50809043436568,3.79320136660429,5.20410180893151,0.00013921085118755,0.00355748807511767,1.24136743884835
ENSG00000118292,79630,C1orf54,chromosome 1 open reading frame 54,1.50342696330867,3.83450278443685,5.06531378995969,0.000179257031549933,0.00423209316799804,1.00328289000365
ENSG00000247516,100505738,MIR4458HG,MIR4458 host gene,1.49967996412774,3.92928696908885,4.76126452322162,0.000314617329269495,0.00608297893821415,0.430607924219875
ENSG00000198563,7919,DDX39B,DExD-box helicase 39B,1.4965295383492,3.84548121527699,4.76788069152314,0.000310751527377299,0.0060444733159939,0.457221101335174
ENSG00000171858,6227,RPS21,ribosomal protein S21,1.49398230921708,6.088318125055,8.46139790717032,7.76980386322697e-07,0.000146340076780028,6.20166963204946
ENSG00000160072,83858,ATAD3B,ATPase family AAA domain containing 3B,1.48013614951651,5.0252816724753,5.35534106656566,0.000105994514791166,0.00299445977650134,1.39083247372908
ENSG00000183648,4707,NDUFB1,NADH:ubiquinone oxidoreductase subunit B1,1.45440153696407,7.18267145489875,5.61795543532662,6.65130007899731e-05,0.00223442112028816,1.52557824946093
ENSG00000123358,3164,NR4A1,nuclear receptor subfamily 4 group A member 1,1.45275119504194,3.76232093085035,4.38111550242375,0.000645668043080952,0.00985661504489016,-0.216234759394818
ENSG00000232859,201229,LYRM9,LYR motif containing 9,1.43519354071468,3.29822495091875,5.08327290757907,0.000173462650144328,0.00413158823275817,1.06180231961303
ENSG00000164128,4886,NPY1R,neuropeptide Y receptor Y1,1.4289367961305,4.89472991602818,5.72214491392586,5.54312502504221e-05,0.00200923068248079,2.01956536085503
ENSG00000220205,6844,VAMP2,vesicle associated membrane protein 2,1.39750275926356,5.18396959385649,5.24293841235733,0.000129761270018008,0.00341337761670534,1.12175037581212
ENSG00000176731,401466,RBIS,ribosomal biogenesis factor,1.39718722008759,3.66546589752219,5.37553525982046,0.000102229562127792,0.002938416558486,1.56140643636219
ENSG00000168273,440957,SMIM4,small integral membrane protein 4,1.38955095551465,5.34663847673923,6.55313411967286,1.36721986845141e-05,0.000866842719010609,3.38559346324654
ENSG00000140830,54957,TXNL4B,thioredoxin like 4B,1.38929038400101,3.10371950496988,4.7887220962479,0.000298892140595254,0.00587760459402252,0.56580614201765
ENSG00000166012,79101,TAF1D,"TATA-box binding protein associated factor, RNA polymerase I subunit D",1.37421756019397,3.496301750567,5.37340691906219,0.000102619708973254,0.00294438221920591,1.56094118268191
ENSG00000129353,57153,SLC44A2,solute carrier family 44 member 2,1.36563087170101,8.54029114513085,11.267205626886,2.38342565700572e-08,2.95636451686286e-05,9.5820869330244
ENSG00000162645,2634,GBP2,guanylate binding protein 2,1.35356642476999,3.26969309054652,5.04852044291971,0.000184857286148746,0.00430133295692429,1.00485630402743
ENSG00000167703,124935,SLC43A2,solute carrier family 43 member 2,1.35121859116371,4.82603497198171,7.2132603951343,4.80968945285629e-06,0.000461644300162546,4.4713989998978
ENSG00000172432,54676,GTPBP2,GTP binding protein 2,1.34493437484064,3.89998541116322,5.16191738734335,0.000150290374440444,0.00375959495789119,1.16727486278294
ENSG00000105281,6510,SLC1A5,solute carrier family 1 member 5,1.34192799287237,7.35300798592744,8.67903795759442,5.76246646999896e-07,0.00011912791260094,6.38839787538884
ENSG00000135069,29968,PSAT1,phosphoserine aminotransferase 1,1.33500286036332,7.71790880375665,8.3725820704316,8.79131753171216e-07,0.000162942523217079,5.91745829181899
ENSG00000197728,6231,RPS26,ribosomal protein S26,1.31697025549296,7.20367424000039,6.53171804661452,1.41574729391294e-05,0.000869153075974748,3.1133551755973
ENSG00000065911,10797,MTHFD2,"methylenetetrahydrofolate dehydrogenase (NADP+ dependent) 2, methenyltetrahydrofolate cyclohydrolase",1.28629142726995,5.65723609265847,5.73211874707421,5.44768259280194e-05,0.00199477246317944,1.92669303422741
ENSG00000254685,8790,FPGT,fucose-1-phosphate guanylyltransferase,1.28294272653851,4.48543158504376,5.91778106322363,3.95270565796099e-05,0.00161360452492711,2.41639329798354
ENSG00000198888,4535,ND1,NADH dehydrogenase subunit 1,1.28026808349791,8.9110008234786,4.55872310358957,0.000460520478835977,0.00790829895764657,-0.596631427719549
ENSG00000185950,8660,IRS2,insulin receptor substrate 2,1.27591149525229,3.63068696595914,6.00411344445925,3.41051568137377e-05,0.00145488268153841,2.60301129688928
ENSG00000148803,282969,FUOM,fucose mutarotase,1.26086156181115,5.20038824410991,5.63563013203324,6.44812445871131e-05,0.00217068907926346,1.82926590560872
ENSG00000154277,7345,UCHL1,ubiquitin C-terminal hydrolase L1,1.25889576649347,8.43480010881774,8.97746554296592,3.85786244700325e-07,9.72000499342617e-05,6.73532572013163
ENSG00000179630,144811,LACC1,laccase domain containing 1,1.25179992226092,4.93588328408803,6.6197481156374,1.2271477020402e-05,0.000810973635057305,3.51174041433707
ENSG00000118523,1490,CCN2,cellular communication network factor 2,1.24947393935057,7.01717298991488,7.4224484768177,3.49582660717185e-06,0.00039525444648808,4.58368820816068
ENSG00000061918,2983,GUCY1B1,guanylate cyclase 1 soluble subunit beta 1,1.24283293874078,3.62128359537137,4.46270654117105,0.000552591022185814,0.00891944968242868,-0.0916028621206948
ENSG00000137814,55142,HAUS2,HAUS augmin like complex subunit 2,1.23583687915471,4.75542542484417,7.59518829861978,2.69750501879663e-06,0.000334742925377831,5.03499248199416
ENSG00000198805,4860,PNP,purine nucleoside phosphorylase,1.21485662300513,3.75692472092076,4.83804911105037,0.000272653388064755,0.00548121982178943,0.618286624229379
ENSG00000112306,6206,RPS12,ribosomal protein S12,1.20728194408423,5.91372010201906,6.67331445035941,1.12548617418315e-05,0.000772275087604394,3.51488381744708
ENSG00000176410,84277,DNAJC30,DnaJ heat shock protein family (Hsp40) member C30,1.20027059246406,4.3944547457509,4.59766554242795,0.000427832271278987,0.00749704703018211,0.0360955469831428
ENSG00000131378,23180,RFTN1,"raftlin, lipid raft linker 1",1.19693746468484,6.0904185181676,9.59328880626269,1.73678939153259e-07,5.71545488540062e-05,7.69854096640228
ENSG00000130294,547,KIF1A,kinesin family member 1A,1.196216896794,4.82431938319955,5.19137759687846,0.000142460362615548,0.00362330180942542,1.12754602254973
ENSG00000177106,64787,EPS8L2,EPS8 like 2,1.19078769165918,5.96816327298143,5.21473584380818,0.000136554309263299,0.00351186321669967,0.937527862442605
ENSG00000162772,467,ATF3,activating transcription factor 3,1.1807176710601,3.96080860855437,4.84012962208611,0.000271600591653452,0.00548121982178943,0.59214530727294
ENSG00000185684,347918,EP400P1,EP400 pseudogene 1,1.17667211079462,3.75348829385955,4.61942496257757,0.000410619821697221,0.00730015945409889,0.197702998225655
ENSG00000157168,3084,NRG1,neuregulin 1,1.17462693412928,3.54846091903979,4.54055582815713,0.000476641197915204,0.00809273818078008,0.063936051092778
ENSG00000269893,100093630,SNHG8,small nucleolar RNA host gene 8,1.17095259775464,3.95773004461134,4.53057138061732,0.000485747620079338,0.00820175955369563,0.0319397456000301
ENSG00000182199,6472,SHMT2,serine hydroxymethyltransferase 2,1.16513104525123,7.6527951986028,5.18813702093545,0.000143300481913903,0.00363320797305296,0.680849673528759
ENSG00000042753,1175,AP2S1,adaptor related protein complex 2 subunit sigma 1,1.16279756152847,6.63967896180689,5.79334932923699,4.89819643910634e-05,0.00187164496636468,1.90688589675274
ENSG00000245910,641638,SNHG6,small nucleolar RNA host gene 6,1.16204542508488,4.23176370073695,5.00825928644818,0.000199036109158674,0.00452673802564686,0.856477393426228
ENSG00000118263,8609,KLF7,Kruppel like factor 7,1.16103003338756,3.83190671689081,4.37182473812823,0.000657244430261189,0.00996995901971936,-0.287328068664394
ENSG00000248049,550112,UBA6-DT,UBA6 divergent transcript,1.15860222522968,3.54595805669504,5.28079200404811,0.000121191978514295,0.003272603119218,1.39244019459174
ENSG00000134809,26519,TIMM10,translocase of inner mitochondrial membrane 10,1.14544799066403,5.88502794246619,7.95641504520968,1.58768098774016e-06,0.00024737636322289,5.47766195556518
ENSG00000006327,51330,TNFRSF12A,TNF receptor superfamily member 12A,1.14499996358527,8.39412390878313,7.32193537906687,4.07214902277418e-06,0.000426385733715803,4.304943006704
ENSG00000100058,1416,CRYBB2P1,crystallin beta B2 pseudogene 1,1.14044780224977,4.46434321834257,5.18020385224351,0.000145378978756524,0.00367435114803911,1.11883894292983
ENSG00000213741,6235,RPS29,ribosomal protein S29,1.1391533890893,6.42967510767562,5.51596352199822,7.96191850362484e-05,0.00251480410019044,1.45132387165569
ENSG00000163191,6282,S100A11,S100 calcium binding protein A11,1.12207030653663,7.35442486674473,6.44777150246062,1.62413967704846e-05,0.000932001860939731,2.97190806201513
ENSG00000026025,7431,VIM,vimentin,1.12148794523938,7.50863106209498,8.5453651608435,6.91919571740465e-07,0.000134424133666446,6.18632229263716
ENSG00000151881,64417,TMEM267,transmembrane protein 267,1.12100082597811,4.43806490256526,5.10881474291894,0.000165554892314294,0.00398443677398208,0.981310014771453
ENSG00000278259,80179,MYO19,myosin XIX,1.11893526825384,3.81275271383759,5.09792798035484,0.000168878613072652,0.00404030806497999,1.04856138703439
ENSG00000142765,84958,SYTL1,synaptotagmin like 1,1.11214033133355,4.95877421816005,6.23330049406175,2.31686697254579e-05,0.00112868519432933,2.87269918463115
ENSG00000135046,301,ANXA1,annexin A1,1.10762400429905,6.88490625654163,6.52550491336503,1.43016230750279e-05,0.000871260478037152,3.13024743007228
ENSG00000117984,1509,CTSD,cathepsin D,1.10616673909372,7.1828477262425,5.37200270634979,0.000102877965091595,0.00294654917780101,1.05669889186757
ENSG00000163319,51023,MRPS18C,mitochondrial ribosomal protein S18C,1.10612529252906,4.95291117972742,5.33241843011201,0.000110443823259415,0.00307569942872713,1.32783085405617
ENSG00000173915,84833,ATP5MK,ATP synthase membrane subunit k,1.10136403629243,7.83765291646776,5.99487632402999,3.46460882354434e-05,0.00147017940209612,2.12116326195901
ENSG00000173546,1464,CSPG4,chondroitin sulfate proteoglycan 4,1.09549692526282,4.74665414797941,4.60264553396421,0.000423828283896155,0.00746095095832478,0.0115862045711879
ENSG00000277161,284098,PIGW,phosphatidylinositol glycan anchor biosynthesis class W,1.08196128073377,4.51436638489253,4.62196141286595,0.000408660467983016,0.00727334442188315,0.0514011281223903
ENSG00000204954,728568,C12orf73,chromosome 12 open reading frame 73,1.08144781352615,3.93143917986038,4.83388687596909,0.000274772301149697,0.00550757986684351,0.569175516379159
ENSG00000133119,5983,RFC3,replication factor C subunit 3,1.06479122304274,4.80718616442725,6.54158184810841,1.39317536322959e-05,0.000866842719010609,3.40997058563148
ENSG00000179085,54344,DPM3,"dolichyl-phosphate mannosyltransferase subunit 3, regulatory",1.06441393005955,4.57649449936245,5.2201403721301,0.000135224446031579,0.00350007950688367,1.17951512299373
ENSG00000152422,7518,XRCC4,X-ray repair cross complementing 4,1.06366173609563,7.03897210140705,6.44096540950311,1.64239264323362e-05,0.000939134091210712,2.95876134984042
ENSG00000132563,51308,REEP2,receptor accessory protein 2,1.06271072292972,5.14895673194447,4.94268535841235,0.000224594633812815,0.00490730145017837,0.571985029133447
ENSG00000168280,3800,KIF5C,kinesin family member 5C,1.06259367276592,3.7792661751988,4.48487360554836,0.000529773507075179,0.00866389229369905,-0.0688959704491543
ENSG00000136490,80774,LIMD2,LIM domain containing 2,1.0595857270716,6.32895666639528,6.74310556781838,1.00614745513328e-05,0.000730770647972293,3.56710842967069
ENSG00000172428,150678,COPS9,COP9 signalosome subunit 9,1.05852036544555,6.26637467607839,5.9486991074533,3.74883183181281e-05,0.00155398234673475,2.23072695133744
ENSG00000196923,9260,PDLIM7,PDZ and LIM domain 7,1.05438782508389,7.29764338729181,7.24912053329962,4.55185369657358e-06,0.000451587208416686,4.279008698721
ENSG00000168528,347735,SERINC2,serine incorporator 2,1.04933993862164,4.67680346546434,5.5634334534999,7.32125255777124e-05,0.00237535608639962,1.78290078655784
ENSG00000154079,135154,SDHAF4,succinate dehydrogenase complex assembly factor 4,1.04337031933184,3.94640440011444,4.49818823818832,0.000516537009252813,0.00854664098841211,-0.051246734591059
ENSG00000237765,285550,FAM200B,family with sequence similarity 200 member B,1.03882659284836,5.47989542307512,7.54949514312788,2.88791297571194e-06,0.000350132306265827,4.91235592038282
ENSG00000109846,1410,CRYAB,crystallin alpha B,1.03267804254501,6.27751090394876,5.68559101823255,5.90813263791015e-05,0.00207496680393522,1.73225111270456
ENSG00000125458,30833,NT5C,"5', 3'-nucleotidase, cytosolic",1.02966637642303,5.38877958335327,6.42610504884024,1.68299930804573e-05,0.000955576191628075,3.16455067647051
ENSG00000244026,692099,FAM86DP,"family with sequence similarity 86 member D, pseudogene",1.02267547191619,4.22638538193645,4.46554490571985,0.000549613732287643,0.00891601753836845,-0.129999281911649
ENSG00000167397,79001,VKORC1,vitamin K epoxide reductase complex subunit 1,1.00947822687241,4.21725924726425,4.74761949410038,0.00032274801029516,0.00617356069514763,0.362212040386022
ENSG00000129084,5682,PSMA1,proteasome 20S subunit alpha 1,1.0074372278127,5.96151399786391,5.13110803040859,0.000158959188770725,0.00389451723031051,0.779977988853245
ENSG00000205542,7114,TMSB4X,thymosin beta 4 X-linked,1.00517501420025,8.61818671319958,8.96346509547605,3.93031846017317e-07,9.72675957786605e-05,6.70100229793881
ENSG00000137504,58487,CREBZF,CREB/ATF bZIP transcription factor,1.00277532275948,5.34364622463815,4.89606206992203,0.000244820760863279,0.00513032131702947,0.464502839198148
ENSG00000116918,7257,TSNAX,translin associated factor X,0.999376086082201,6.21828682721993,6.32430924904415,1.99112331884355e-05,0.00103570527472104,2.87176785009897
ENSG00000113369,57561,ARRDC3,arrestin domain containing 3,0.99893089849471,7.27878649816369,7.0868670787968,5.84842869699634e-06,0.000503335457200749,4.0074731240001
ENSG00000071082,6160,RPL31,ribosomal protein L31,0.996200287935158,7.61622489380338,6.32954986651385,1.97389531937489e-05,0.00103006673219806,2.72982976144923
ENSG00000164542,23366,KIAA0895,KIAA0895,0.995111090332071,5.037983886576,4.88851496000668,0.000248268391548085,0.00516415670481346,0.451340916528096
ENSG00000177954,6232,RPS27,ribosomal protein S27,0.982933215921049,6.9221507861224,5.41908329729724,9.45772776096031e-05,0.00281136873840403,1.20682710802867
ENSG00000158411,129531,MITD1,microtubule interacting and trafficking domain containing 1,0.978824930464981,4.49344012601744,5.05952323298026,0.000181167891405138,0.00425163704231926,0.914279598500205
ENSG00000186468,6228,RPS23,ribosomal protein S23,0.974835379140954,5.77004404136934,4.65592876065454,0.000383332516678647,0.00697608407261482,-0.079191088786553
ENSG00000134363,10468,FST,follistatin,0.974652246536938,7.61273076416873,6.09801303460166,2.90830349322774e-05,0.00129906908111627,2.3178144313802
ENSG00000146587,57786,RBAK,RB associated KRAB zinc finger,0.973596553591618,4.90776646723716,4.43412577374808,0.000583512797815535,0.00928839473324334,-0.367608408329964
ENSG00000132432,23480,SEC61G,SEC61 translocon subunit gamma,0.969269793238698,6.71910397626096,5.24363210874033,0.000129598684044883,0.00341337761670534,0.901852330230329
ENSG00000141510,7157,TP53,tumor protein p53,0.96732541479805,4.90778893440532,5.34256496988808,0.000108450835260086,0.0030466371403639,1.33505176339787
ENSG00000170860,27258,LSM3,"LSM3 homolog, U6 small nuclear RNA and mRNA degradation associated",0.966147680721926,6.90845318098397,6.38782230252235,1.79254451328289e-05,0.000987407246080855,2.89664511324698
ENSG00000166963,4130,MAP1A,microtubule associated protein 1A,0.96453985611141,7.38508539943493,6.72422760426848,1.03705200601587e-05,0.000736672405154442,3.40608208566149
ENSG00000115884,6382,SDC1,syndecan 1,0.962264588279893,4.80250898616757,6.08783039077459,2.95880311483625e-05,0.00131342697875324,2.6490747333102
ENSG00000171159,79095,BBLN,bublin coiled coil protein,0.961559413338322,6.13513543735986,4.9318148183545,0.000229150164808657,0.00495753082405545,0.411916860158794
ENSG00000155657,7273,TTN,titin,0.961105333760879,6.60981014863517,5.27698029004768,0.000122027548156191,0.0032849652988624,0.944757160538407
ENSG00000109475,6164,RPL34,ribosomal protein L34,0.960764455867876,7.04522955670151,4.93387163468302,0.000228280918767916,0.00495753082405545,0.279521645058312
ENSG00000205155,55851,PSENEN,"presenilin enhancer, gamma-secretase subunit",0.958710973518319,5.40546735282383,4.99976990864509,0.000202167338692851,0.00459147653017215,0.631872970291121
ENSG00000125611,84269,CHCHD5,coiled-coil-helix-coiled-coil-helix domain containing 5,0.956404390365628,5.52560083918824,6.65145320115576,1.165862031112e-05,0.000783313552153377,3.50744763995856
ENSG00000132478,85451,UNK,unk zinc finger,0.955737708962001,5.08778935762062,5.94709133682388,3.75915717711252e-05,0.00155426690976768,2.37472028716023
ENSG00000126653,84081,NSRP1,nuclear speckle splicing regulatory protein 1,0.955521354540237,5.36796301343697,6.77241122239571,9.60078156629884e-06,0.000720058617472413,3.73007123362743
ENSG00000203875,387066,SNHG5,small nucleolar RNA host gene 5,0.949008850841786,4.17708639856187,4.88796834985038,0.000248520037391333,0.00516415670481346,0.646373144568154
ENSG00000159840,7791,ZYX,zyxin,0.942698221280279,6.78916660427348,6.70169171085396,1.07525819163716e-05,0.000757141412233592,3.43420970638479
ENSG00000079257,56925,LXN,latexin,0.938562547586012,4.00599521555646,4.47484772603361,0.000539970891537303,0.00878610557622504,-0.127042308966714
ENSG00000164405,27089,UQCRQ,ubiquinol-cytochrome c reductase complex III subunit VII,0.937678022186148,8.2841195790999,5.35754928547194,0.000105575874962666,0.00299445977650134,0.933273374208218
ENSG00000224877,284184,NDUFAF8,NADH:ubiquinone oxidoreductase complex assembly factor 8,0.936789211754267,6.5721664680711,5.35512076930966,0.000106036374101226,0.00299445977650134,1.12128616193624
ENSG00000173221,2745,GLRX,glutaredoxin,0.936082673569802,6.09370103939962,7.52765504707804,2.98389143593629e-06,0.000356409254847946,4.81846667678644
ENSG00000197857,51710,ZNF44,zinc finger protein 44,0.935885019060915,4.88447879601839,5.1374090799285,0.000157144907829801,0.0038686437232909,0.966227938259414
ENSG00000136810,7295,TXN,thioredoxin,0.933410128162039,7.75341627508525,7.1432060601213,5.35887065662322e-06,0.000485459490663199,4.07207953685682
ENSG00000159251,70,ACTC1,actin alpha cardiac muscle 1,0.932386375294488,13.5120782960887,6.16309735039695,2.60615860011393e-05,0.00121107514198378,2.04429935096369
ENSG00000182541,3985,LIMK2,LIM domain kinase 2,0.929691315364391,6.59583518546489,7.16334746347626,5.19450602449749e-06,0.000475917100255807,4.19294602400807
ENSG00000173272,653784,MZT2A,mitotic spindle organizing protein 2A,0.928692241456824,5.86607888604499,4.88284306190763,0.000250892494184795,0.00519098616777244,0.348614302455608
ENSG00000167470,90007,MIDN,midnolin,0.9286921075691,5.82668901706912,5.84553757674388,4.47566718351192e-05,0.00177322194924152,2.09975584853318
ENSG00000244486,91179,SCARF2,scavenger receptor class F member 2,0.92401522271853,5.97398998772396,6.47215288254211,1.56048288461657e-05,0.00090690274015503,3.17310915367401
ENSG00000164292,22836,RHOBTB3,Rho related BTB domain containing 3,0.922346172941458,8.89686960322986,9.85589115194617,1.25032243353269e-07,4.84698203439704e-05,7.85000939590594
ENSG00000135679,4193,MDM2,MDM2 proto-oncogene,0.918177236912299,7.58345135182118,7.12621334992411,5.50180626404402e-06,0.000492870144487277,4.03818719615841
ENSG00000145592,6167,RPL37,ribosomal protein L37,0.913314055880546,6.99731879719534,6.80910038851074,9.05511685404894e-06,0.000695303615578758,3.60122557985637
ENSG00000229117,6171,RPL41,ribosomal protein L41,0.91255963744739,5.9617389885517,6.28072609828847,2.14066378583499e-05,0.00108288731782494,2.84520365832746
ENSG00000133398,84246,MED10,mediator complex subunit 10,0.910654659698938,5.90828283036359,6.13840323892386,2.716725837923e-05,0.00124806849391762,2.61249229413492
ENSG00000147669,5440,POLR2K,"RNA polymerase II, I and III subunit K",0.910212888414975,6.35486317689442,4.90642868075155,0.000240165852192298,0.00508892820841105,0.304739821169519
ENSG00000177383,64110,MAGEF1,MAGE family member F1,0.908747614752161,7.28939584214229,7.34323566418716,3.94214008881675e-06,0.000424018334406742,4.41000534482869
ENSG00000130255,25873,RPL36,ribosomal protein L36,0.907020229080469,7.58270046570863,5.90628070653916,4.03147316887391e-05,0.00164160365778009,1.9992657671278
ENSG00000231500,6222,RPS18,ribosomal protein S18,0.900485471579752,8.2472585867991,8.0922748908347,1.30610012988609e-06,0.000216832699117411,5.47979439642033
ENSG00000104824,3191,HNRNPL,heterogeneous nuclear ribonucleoprotein L,0.899803847060232,5.70956746546173,5.85722556353503,4.38637687668224e-05,0.00175075067169557,2.11342662786481
ENSG00000101132,5203,PFDN4,prefoldin subunit 4,0.896888075419191,5.12868042472613,4.94905010310705,0.000221971048947942,0.00487640758077052,0.607157420388654
ENSG00000135272,29969,MDFIC,MyoD family inhibitor domain containing,0.893334100920224,5.49737766328016,5.02589521403343,0.000192691129764783,0.00443877781065305,0.669029455978533
ENSG00000143977,6637,SNRPG,small nuclear ribonucleoprotein polypeptide G,0.890411715614812,7.07147093802897,4.926275329959,0.00023150836127533,0.00498407520102095,0.254870168864293
ENSG00000127418,53834,FGFRL1,fibroblast growth factor receptor like 1,0.89034777675603,4.56630677173914,4.87454794898496,0.0002547820985683,0.00524486088888705,0.53152864436333
ENSG00000163545,81788,NUAK2,NUAK family kinase 2,0.889848957558225,4.95831892215365,5.3139648151121,0.000114166897356285,0.00313085241474505,1.29351218636099
ENSG00000144034,51002,TPRKB,TP53RK binding protein,0.88331268317606,5.15660408733477,5.24916526921322,0.000128309409036001,0.0033973550422094,1.15275920823557
ENSG00000131469,6155,RPL27,ribosomal protein L27,0.883210582062981,8.02302742823243,5.94448064644977,3.77598692868305e-05,0.00155723246099781,2.02350081160863
ENSG00000177628,2629,GBA,glucosylceramidase beta,0.882694634743004,5.90800682512284,6.33453530009866,1.95765147021424e-05,0.00102840527835998,2.92150508660464
ENSG00000142937,6202,RPS8,ribosomal protein S8,0.882626761466719,7.5275830218002,7.60369825654162,2.6635329536243e-06,0.000334742925377831,4.79751567997163
ENSG00000123737,5393,EXOSC9,exosome component 9,0.876059867656883,5.25805586175936,5.38722044960289,0.000100114917528156,0.00289829990151081,1.37410921546769
ENSG00000125351,65109,UPF3B,UPF3B regulator of nonsense mediated mRNA decay,0.874229042641691,5.04584184637918,4.74120940832531,0.000326642346792477,0.0062185452680386,0.224843389238178
ENSG00000139343,6636,SNRPF,small nuclear ribonucleoprotein polypeptide F,0.873212739860002,6.26268520450183,4.4993393959334,0.0005154087323644,0.00854664098841211,-0.454520665787121
ENSG00000137267,7280,TUBB2A,tubulin beta 2A class IIa,0.865794533446335,6.19738416546757,5.80257004136846,4.82061177985463e-05,0.0018611555102309,1.98485946744275
ENSG00000197958,6136,RPL12,ribosomal protein L12,0.861207702729329,6.00198702441826,5.95187874040794,3.72849912218108e-05,0.00154953732848376,2.27536008355511
ENSG00000130522,3727,JUND,"JunD proto-oncogene, AP-1 transcription factor subunit",0.8591751953562,6.91635298029277,6.07494829360347,3.02401101324012e-05,0.00133229993411194,2.37674186703931
ENSG00000115977,22848,AAK1,AP2 associated kinase 1,0.851837364381034,5.85213783212683,6.57316752404016,1.32340745189032e-05,0.000853597806469254,3.33034122068745
ENSG00000136273,3364,HUS1,HUS1 checkpoint clamp component,0.844829924117187,5.12184372882839,4.6777743307359,0.000367905206161465,0.00679549994198582,0.0874347984953685
ENSG00000172809,6169,RPL38,ribosomal protein L38,0.844680776685186,7.53691106793389,6.04844708492449,3.16294092236248e-05,0.00137697953217235,2.24768305275225
ENSG00000147027,83604,TMEM47,transmembrane protein 47,0.842792457829646,7.38094771992395,5.7151495307622,5.6111078390451e-05,0.00201962307822773,1.65696246060471
ENSG00000125691,9349,RPL23,ribosomal protein L23,0.839771558509804,7.36081928338138,4.64142983873923,0.00039393932899142,0.00708958892855653,-0.316268451499741
ENSG00000232388,388789,SMIM26,small integral membrane protein 26,0.838363150559148,4.97467536161017,5.70036716096323,5.75764959289866e-05,0.00205858314158516,1.97686766899579
ENSG00000070087,5217,PFN2,profilin 2,0.837619310933059,7.67033921254651,8.91887171576891,4.17088438181945e-07,9.86109323395929e-05,6.69031990041216
ENSG00000142871,3491,CCN1,cellular communication network factor 1,0.836502129736473,7.28090514481905,6.15948663494862,2.62202629764112e-05,0.00121494753015698,2.49668337564319
ENSG00000160753,23623,RUSC1,RUN and SH3 domain containing 1,0.8359753685363,5.50772156662523,5.65439829164019,6.23946314354848e-05,0.00213612193608746,1.80995667241345
ENSG00000137944,56267,KYAT3,kynurenine aminotransferase 3,0.834221390273144,5.48510870089747,5.65734635738143,6.20733371992799e-05,0.00213543066110383,1.83470144186477
ENSG00000188010,729967,MORN2,MORN repeat containing 2,0.833766351648725,4.40210346403115,4.46308702047131,0.000552190957857248,0.00891944968242868,-0.203226412625061
ENSG00000099899,27037,TRMT2A,tRNA methyltransferase 2 homolog A,0.824517403313133,5.89303899425059,6.36600020336615,1.85831724778308e-05,0.000998845520683405,2.97976006069909
ENSG00000099622,1153,CIRBP,cold inducible RNA binding protein,0.822214373480121,7.23760309515553,5.45965801766367,8.79842361851897e-05,0.00266681542948531,1.21523093547252
ENSG00000132406,85013,TMEM128,transmembrane protein 128,0.818977175917363,5.54065635191953,5.78847567898346,4.93973083536152e-05,0.00188170714799172,2.04832122800686
ENSG00000139372,6996,TDG,thymine DNA glycosylase,0.816583689262106,6.26701733609358,5.64988066508866,6.28903599790934e-05,0.00214224949946499,1.68223253834681
ENSG00000136732,2995,GYPC,glycophorin C (Gerbich blood group),0.815410253567048,6.99218731912601,4.46354412575558,0.0005517107177281,0.00891944968242868,-0.634851261655998
ENSG00000150779,26521,TIMM8B,translocase of inner mitochondrial membrane 8 homolog B,0.810311353473534,7.65613942785322,5.56914428121643,7.24788804390974e-05,0.00236127301997104,1.37431245074274
ENSG00000170385,7779,SLC30A1,solute carrier family 30 member 1,0.809821193950455,5.86426284672888,4.79684134573149,0.000294399738701471,0.00580341783198193,0.177916653465403
ENSG00000176422,283377,SPRYD4,SPRY domain containing 4,0.809673337399595,5.60487363349125,5.28708073184401,0.000119826418265833,0.0032473966294732,1.10897517555907
ENSG00000198467,7169,TPM2,tropomyosin 2,0.808227976188682,8.97128502670588,4.40067503022991,0.00062197721034195,0.00964196734027496,-0.949874990240773
ENSG00000146540,84310,C7orf50,chromosome 7 open reading frame 50,0.803747664418755,7.77001177994991,6.17729164440527,2.54475000318919e-05,0.00119027720476924,2.45308732327763
ENSG00000164615,819,CAMLG,calcium modulating ligand,0.801251051555362,5.01323306198978,4.66094801203758,0.000379729760412077,0.00694233830685345,0.0780722363079329
ENSG00000111057,3875,KRT18,keratin 18,0.800030704620058,9.95933544305187,7.39650268332724,3.63582831086118e-06,0.000397821167257132,4.29302305598204
ENSG00000106245,8896,BUD31,BUD31 homolog,0.796820965173458,6.1219606685194,6.62199614356371,1.22269259679258e-05,0.000810973635057305,3.3924494888499
ENSG00000172175,10892,MALT1,MALT1 paracaspase,0.793462134938045,6.22871391090116,5.44626746970957,9.01054035602085e-05,0.00271106474201362,1.32219125228701
ENSG00000182899,6165,RPL35A,ribosomal protein L35a,0.791575454038807,7.90902312991283,6.53959125485646,1.39769988801711e-05,0.000866842719010609,3.05530808997481
ENSG00000163754,2992,GYG1,glycogenin 1,0.791429512060875,6.82598442530729,5.80598336479395,4.79221851191474e-05,0.0018611555102309,1.87738970872715
ENSG00000205765,285636,C5orf51,chromosome 5 open reading frame 51,0.791134696823649,6.18830820239571,4.7465923703746,0.000323368775325067,0.00617684498795859,0.0212928681780138
ENSG00000129103,25870,SUMF2,sulfatase modifying factor 2,0.79095631298474,7.13940088070548,6.0455392685378,3.17858713278955e-05,0.00137781498699547,2.27886118419901
ENSG00000051620,23593,HEBP2,heme binding protein 2,0.790357323525061,6.09332496561236,6.70661602982666,1.06678507270619e-05,0.000754469706025759,3.52393155094243
ENSG00000169733,5986,RFNG,RFNG O-fucosylpeptide 3-beta-N-acetylglucosaminyltransferase,0.787937702258653,5.11794401151981,4.65735892185286,0.000382302381363796,0.00696567898247595,0.0474576135253146
ENSG00000137720,64776,C11orf1,chromosome 11 open reading frame 1,0.784008276089911,5.01762001078684,5.20500487234433,0.000138983177197628,0.00355748807511767,1.06271886681575
ENSG00000110002,4013,VWA5A,von Willebrand factor A domain containing 5A,0.782634040849467,6.6754824842938,6.46490580051429,1.57912556349166e-05,0.000912666656319104,3.04947770478534
ENSG00000174842,11146,GLMN,"glomulin, FKBP associated protein",0.780788388940219,5.07628662171819,4.41882046060615,0.000600798804455341,0.00941975397717057,-0.398597246904941
ENSG00000107175,10488,CREB3,cAMP responsive element binding protein 3,0.775485630789844,7.6409609059435,7.05725368100443,6.12446292880012e-06,0.000514359191285948,3.92628386943329
ENSG00000182628,348235,SKA2,spindle and kinetochore associated complex subunit 2,0.768292527156131,5.12804913864533,4.90328576524798,0.000241567340533031,0.00510426404042567,0.484153804717802
ENSG00000085231,102157402,AK6,adenylate kinase 6,0.766930828708814,5.63452819008333,4.7216355968845,0.000338837682233152,0.00639035979650242,0.0756632299642899
ENSG00000123349,5204,PFDN5,prefoldin subunit 5,0.766901974852137,7.10877438246099,6.08499488833392,2.9730285100461e-05,0.00131342697875324,2.356631877219
ENSG00000116670,10459,MAD2L2,mitotic arrest deficient 2 like 2,0.762770999610517,6.41709189378408,5.55830823465158,7.38775424934254e-05,0.00239211922230218,1.52556585915419
ENSG00000182117,55505,NOP10,NOP10 ribonucleoprotein,0.761409745329483,7.66753844632543,5.78616655463671,4.95953821951306e-05,0.00188170714799172,1.77222707827438
ENSG00000213722,23564,DDAH2,dimethylarginine dimethylaminohydrolase 2,0.75978095739289,6.88516521352255,4.63009511396085,0.000402442224384987,0.00720242049745607,-0.272565410679045
ENSG00000111725,5564,PRKAB1,protein kinase AMP-activated non-catalytic subunit beta 1,0.758661456354125,6.83384242687172,6.26777128260904,2.1873528360769e-05,0.00109537467334597,2.69757052555501
ENSG00000266472,54460,MRPS21,mitochondrial ribosomal protein S21,0.755950021893255,6.98317059029701,6.47495086065333,1.55334728408003e-05,0.00090690274015503,3.0348952655052
ENSG00000110700,6207,RPS13,ribosomal protein S13,0.755171009889865,7.5080638549317,5.41143190803977,9.58772491141345e-05,0.00282425020162377,1.10913827340836
ENSG00000143368,10262,SF3B4,splicing factor 3b subunit 4,0.753377894546103,6.78120420140197,4.66825450672671,0.000374547667277463,0.00687879400324498,-0.208712452167161
ENSG00000136068,2317,FLNB,filamin B,0.745972092987464,5.8090598137118,5.1590236294983,0.000151083257842697,0.00375959495789119,0.874473011676636
ENSG00000120699,11340,EXOSC8,exosome component 8,0.743981583632243,6.66421135283351,6.39738959197569,1.76448376191345e-05,0.000987407246080855,2.93544697534612
ENSG00000205707,144363,ETFRF1,electron transfer flavoprotein regulatory factor 1,0.741147822070515,5.84324242199049,4.57928726393364,0.000442949758768537,0.00765548216521186,-0.23801699319524
ENSG00000122694,152007,GLIPR2,GLI pathogenesis related 2,0.73715956127544,6.10697091236801,4.97050593265281,0.000213358645753125,0.00473714739171328,0.463617695649602
ENSG00000182774,6218,RPS17,ribosomal protein S17,0.735806798967449,6.44592973222894,5.15940242151403,0.000150979222695325,0.00375959495789119,0.781075398898638
ENSG00000115129,9540,TP53I3,tumor protein p53 inducible protein 3,0.730294710432559,7.37706469811454,4.56074324523851,0.000458762992390033,0.00788651732653442,-0.493540111139583
ENSG00000157379,115817,DHRS1,dehydrogenase/reductase 1,0.73027024285072,5.61584276886367,4.9002643405899,0.000242922647929641,0.00510707652915966,0.414333122630045
ENSG00000171552,598,BCL2L1,BCL2 like 1,0.729994204112931,5.94185089282315,4.67942882103645,0.000366763260148377,0.00678217611226212,-0.0609381502571464
ENSG00000108107,6158,RPL28,ribosomal protein L28,0.729918364856687,5.76700775097852,5.24570684543101,0.000129113679212649,0.00340746002832073,1.05536103683481
ENSG00000142676,6135,RPL11,ribosomal protein L11,0.72963973040757,6.65604576730613,5.61305970227363,6.70875270915473e-05,0.00224437007126805,1.57755902306975
ENSG00000174775,3265,HRAS,"HRas proto-oncogene, GTPase",0.727283069399623,5.7251741397593,4.90126631335229,0.000242472325889368,0.00510426404042567,0.393771126171128
ENSG00000167325,6240,RRM1,ribonucleotide reductase catalytic subunit M1,0.726809012252887,6.87740746713315,5.57276118332233,7.20182068432488e-05,0.00235713077298359,1.46404929424854
ENSG00000116586,28956,LAMTOR2,"late endosomal/lysosomal adaptor, MAPK and MTOR activator 2",0.724628104105784,6.84376086926687,5.64793594195483,6.31050240152478e-05,0.00214224949946499,1.60444397396871
ENSG00000125835,6628,SNRPB,small nuclear ribonucleoprotein polypeptides B and B1,0.723416887638566,7.78668331782021,5.49026088464452,8.33297318612888e-05,0.00259399985765112,1.22888071716629
ENSG00000165671,64324,NSD1,nuclear receptor binding SET domain protein 1,0.721361885682544,6.05845413454951,4.84277285540146,0.000270269112241281,0.00546126495600334,0.220683039737311
ENSG00000118181,6230,RPS25,ribosomal protein S25,0.720402124697442,6.50410104287542,4.88572176807918,0.000249557087723691,0.00517903222592602,0.260507610678211
ENSG00000196636,57001,SDHAF3,succinate dehydrogenase complex assembly factor 3,0.718354796377504,5.26769999731525,4.8756590871693,0.000254257478166034,0.00524284122177405,0.424964013936964
ENSG00000167515,51693,TRAPPC2L,trafficking protein particle complex subunit 2L,0.716184984242463,6.73426952724127,5.32951158520738,0.000111021790983385,0.00308128464648379,1.04298810329925
ENSG00000178567,9852,EPM2AIP1,EPM2A interacting protein 1,0.715907908192277,5.90151378293448,5.11075373072663,0.000164970089239534,0.00397629699400222,0.745632527666317
ENSG00000196396,5770,PTPN1,protein tyrosine phosphatase non-receptor type 1,0.715196437783615,6.13629148714313,4.90156653041841,0.000242337566268625,0.00510426404042567,0.336486195792943
ENSG00000166797,84191,CIAO2A,cytosolic iron-sulfur assembly component 2A,0.713395548656243,7.36936184973672,6.11777158254584,2.81287446681493e-05,0.00126837461243433,2.37262885832304
ENSG00000145349,817,CAMK2D,calcium/calmodulin dependent protein kinase II delta,0.709463323221172,7.99618689955713,4.85426746789437,0.000264557081060615,0.00536601626679549,0.00150054124202725
ENSG00000168701,29100,TMEM208,transmembrane protein 208,0.706007725794901,6.80789046844758,6.3838798472023,1.80424373790267e-05,0.000987407246080855,2.90689115947768
ENSG00000182004,6635,SNRPE,small nuclear ribonucleoprotein polypeptide E,0.704753894461424,6.60292300384028,5.07783079790514,0.000175197669462792,0.0041667587316925,0.589745427178847
ENSG00000091651,23594,ORC6,origin recognition complex subunit 6,0.699267820504138,5.66963943038977,4.4644876380779,0.00055072081267238,0.00891603725335556,-0.417628027228059
ENSG00000198523,5350,PLN,phospholamban,0.697231591699376,9.86189068607231,4.97962067591469,0.000209805594563144,0.00469868227208478,0.0828919776775487
ENSG00000140105,7453,WARS1,tryptophanyl-tRNA synthetase 1,0.696910982500915,8.15397122285332,6.74536558414626,1.00251316327359e-05,0.000730770647972293,3.36536064491775
ENSG00000143947,6233,RPS27A,ribosomal protein S27a,0.695516142451191,8.30179086383545,6.38314962599295,1.80641945794637e-05,0.000987407246080855,2.75622099662227
ENSG00000177469,284119,CAVIN1,caveolae associated protein 1,0.694658455181622,6.55392393681255,4.89360721873662,0.000245936693905656,0.00513695490832733,0.262639947447729
ENSG00000114019,51421,AMOTL2,angiomotin like 2,0.688220997340936,7.85386958408559,5.05460282293146,0.000182808231204757,0.00427214888141551,0.413884941979955
ENSG00000130513,9518,GDF15,growth differentiation factor 15,0.688009354312775,7.92226638834955,5.48680468851768,8.38422775916073e-05,0.00260492625465254,1.20853166238665
ENSG00000010270,83930,STARD3NL,STARD3 N-terminal like,0.684165674979059,7.29747999481383,6.20641897619489,2.42344236151464e-05,0.00115615408519005,2.54243021008666
ENSG00000110315,50862,RNF141,ring finger protein 141,0.682897669091188,6.53448983810942,4.75362670612654,0.000319142025168804,0.00611910244452671,-0.0167386717595646
ENSG00000171469,93134,ZNF561,zinc finger protein 561,0.681888362697593,6.27373668151362,5.28965731134404,0.000119271565270184,0.00323780132993556,1.0150688772104
ENSG00000128524,9296,ATP6V1F,ATPase H+ transporting V1 subunit F,0.679876944692247,8.0269542498998,6.81149396316453,9.02067218260292e-06,0.000695303615578758,3.49248304305575
ENSG00000168003,6520,SLC3A2,solute carrier family 3 member 2,0.679768776076438,8.53674095381461,4.44315368322239,0.000573557448850613,0.00916611879357397,-0.807556513186976
ENSG00000169567,3094,HINT1,histidine triad nucleotide binding protein 1,0.677541675103715,8.3870548976473,7.28455979558561,4.31133486551927e-06,0.000440001738648723,4.22884655284991
ENSG00000168002,5436,POLR2G,RNA polymerase II subunit G,0.676946856543103,7.20620654117727,5.86175779984381,4.35225635306535e-05,0.0017415926619603,1.95312432492755
ENSG00000184009,71,ACTG1,actin gamma 1,0.675060993388152,9.81336341171106,4.72031251338742,0.000339678826070331,0.00639873956820572,-0.372255572647136
ENSG00000074842,56005,MYDGF,myeloid derived growth factor,0.674991554932436,7.87502738683634,6.57346577503438,1.3227664541599e-05,0.000853597806469254,3.11313601021203
ENSG00000113312,7265,TTC1,tetratricopeptide repeat domain 1,0.674666393895587,6.60893532784289,4.63701783854671,0.000397226776661437,0.00713283048292391,-0.225199349058419
ENSG00000166557,23423,TMED3,transmembrane p24 trafficking protein 3,0.671462664816356,6.78399129539676,5.5923853277056,6.95714855878259e-05,0.00229885287931085,1.52726487239945
ENSG00000081721,11266,DUSP12,dual specificity phosphatase 12,0.669211988459692,5.58307330117462,4.51339266993299,0.000501837801892426,0.00840328968261198,-0.30598825787531
ENSG00000165732,9188,DDX21,DExD-box helicase 21,0.667265329536073,5.83518005205713,5.57386148406087,7.18786722921083e-05,0.00235713077298359,1.59956051129056
ENSG00000034510,9168,TMSB10,thymosin beta 10,0.6666494584071,8.13912397370514,5.03866263188007,0.000188229026801687,0.00436090956490978,0.37222716778242
ENSG00000185475,374395,TMEM179B,transmembrane protein 179B,0.665591646937966,6.00665438192332,4.86862157160402,0.000257599227943437,0.00527130399820803,0.292317489987558
ENSG00000133142,79921,TCEAL4,transcription elongation factor A like 4,0.665377269009188,6.39639376112496,4.41017890310268,0.000610790646127767,0.0095251442638397,-0.648592335689444
ENSG00000105193,6217,RPS16,ribosomal protein S16,0.664890697239723,7.48933147189824,4.83353532328218,0.000274952049166451,0.00550757986684351,0.0269823023903664
ENSG00000155366,389,RHOC,ras homolog family member C,0.662670350475842,8.16122858150615,4.69754509063195,0.000354496271843405,0.00660346631618491,-0.299274447441473
ENSG00000001036,2519,FUCA2,alpha-L-fucosidase 2,0.661405744443537,6.61347242215044,5.93408570271768,3.84378436604473e-05,0.00158114854343039,2.15235888752564
ENSG00000140463,585,BBS4,Bardet-Biedl syndrome 4,0.659828517215302,6.15436675538485,5.09803001059898,0.000168847143487034,0.00404030806497999,0.701994303333454
ENSG00000111911,135114,HINT3,histidine triad nucleotide binding protein 3,0.659320621251446,5.63052228070761,4.53810062992229,0.000478864037612783,0.00810250011175879,-0.303086014625558
ENSG00000239672,4830,NME1,NME/NM23 nucleoside diphosphate kinase 1,0.657916269216641,5.98934332903199,4.63460387156026,0.000399037439939401,0.00715737343606544,-0.163997280061424
ENSG00000115128,51639,SF3B6,splicing factor 3b subunit 6,0.65586676795875,7.23710403830911,4.42909586427114,0.000589136433201861,0.00933185165557958,-0.714302771665659
ENSG00000109270,8649,LAMTOR3,"late endosomal/lysosomal adaptor, MAPK and MTOR activator 3",0.65248571637083,6.67888178072875,5.2232073165829,0.000134475780005142,0.00349182278998859,0.837373308839513
ENSG00000184216,3654,IRAK1,interleukin 1 receptor associated kinase 1,0.649132610718628,6.62034465675312,5.44756862039017,8.9896971220798e-05,0.00271106474201362,1.27462828251183
ENSG00000106636,10652,YKT6,YKT6 v-SNARE homolog,0.647021792113881,7.49383596315135,6.24306074059111,2.27939840980887e-05,0.00112746317049595,2.57929458726956
ENSG00000163682,6133,RPL9,ribosomal protein L9,0.644718824841525,7.65457300762751,5.4642071470034,8.72755270260736e-05,0.00266033624441481,1.1963260482546
ENSG00000185222,51186,TCEAL9,transcription elongation factor A like 9,0.641353573581576,7.04255442498886,4.90292179697877,0.000241730188094712,0.00510426404042567,0.198878044269113
ENSG00000136827,1861,TOR1A,torsin family 1 member A,0.641212651835883,6.70280400786737,5.80594899690966,4.79250352281483e-05,0.0018611555102309,1.9175922362122
ENSG00000123144,79002,TRIR,telomerase RNA component interacting RNase,0.639770661250282,7.09795602443659,5.32333901614295,0.00011225955612412,0.00308905348549732,0.995571269407912
ENSG00000102119,2010,EMD,emerin,0.639475446598347,5.30676787668409,4.52440915107623,0.000491457302159119,0.00827218058174925,-0.242401253178316
ENSG00000149806,2197,FAU,FAU ubiquitin like and ribosomal protein S30 fusion,0.639277503829101,7.64727988300339,4.95528920174209,0.000219430100136138,0.00483375732881861,0.244707498500562
ENSG00000197756,6168,RPL37A,ribosomal protein L37a,0.635097227713564,7.51347445156865,4.82213633427633,0.000280846805588774,0.00560477071796904,0.00845393403517569
ENSG00000150687,11098,PRSS23,serine protease 23,0.634492480485536,8.25304948195399,4.64647225855841,0.000390216535227492,0.00704618323689061,-0.401864903383865
ENSG00000121207,9227,LRAT,lecithin retinol acyltransferase,0.631274051051388,5.91174375898837,4.37706323033523,0.000650691209658219,0.00989848656201771,-0.648386013638577
ENSG00000145782,9140,ATG12,autophagy related 12,0.628705244826952,6.11133332467511,4.63245454346595,0.000400656777038741,0.0071784339219441,-0.168984019998853
ENSG00000166441,6157,RPL27A,ribosomal protein L27a,0.628474580803982,7.20942558778687,5.12446133454825,0.000160896608121032,0.00391912055279704,0.617556705144049
ENSG00000184575,11260,XPOT,exportin for tRNA,0.628205865881827,7.57434362117671,5.21780032871684,0.000135798585951278,0.00350819427650641,0.727723957622365
ENSG00000173786,1267,CNP,"2',3'-cyclic nucleotide 3' phosphodiesterase",0.627979785196634,7.32568086090964,5.50285584034861,8.14894271664135e-05,0.00255114754027231,1.29234546983651
ENSG00000108828,10493,VAT1,vesicle amine transport 1,0.622428934812174,8.89135675660554,7.56774617587173,2.81020915068293e-06,0.000345913149272994,4.6328367676747
ENSG00000147065,4478,MSN,moesin,0.617739036749375,7.98135652126504,4.86211935926422,0.000260727245940807,0.00531445571283891,0.0285921846988817
ENSG00000092841,4637,MYL6,myosin light chain 6,0.614696181806712,11.1845638610406,6.37289458066279,1.83726759780283e-05,0.000994745936281942,2.52859924764495
ENSG00000076003,4175,MCM6,minichromosome maintenance complex component 6,0.609784839145559,5.84086520648659,4.40026254605326,0.000622467472944263,0.00964196734027496,-0.58901242919724
ENSG00000008988,6224,RPS20,ribosomal protein S20,0.608583498170431,6.55786047965174,5.43262409900624,9.23215422059369e-05,0.00276707224548463,1.27302985276995
ENSG00000109971,3312,HSPA8,heat shock protein family A (Hsp70) member 8,0.60832436004713,10.3838520454844,7.32404827378627,4.05905279778269e-06,0.000426385733715803,4.14942810723825
ENSG00000139318,1848,DUSP6,dual specificity phosphatase 6,0.601133590286898,7.02877791018878,4.72356887509804,0.000337612481427566,0.00637470873889871,-0.128076545483818
ENSG00000213719,1192,CLIC1,chloride intracellular channel 1,0.600693772342629,8.49076057465992,4.79957963849398,0.000292900444319845,0.00578974664604453,-0.127359255796468
ENSG00000159348,51706,CYB5R1,cytochrome b5 reductase 1,0.593050902853291,6.8450359975938,5.12101568790097,0.000161910611021335,0.00392859498060765,0.640799566450015
ENSG00000106105,2617,GARS1,glycyl-tRNA synthetase 1,0.592684335156997,8.28701384813245,5.41477209845812,9.53074741330885e-05,0.00281560286172045,1.02885533453387
ENSG00000221988,9374,PPT2,palmitoyl-protein thioesterase 2,0.59172683416206,6.02597182974994,4.74341453889886,0.000325297202389921,0.00620025696044618,0.0416073130464607
ENSG00000099995,10291,SF3A1,splicing factor 3a subunit 1,0.590636272455602,6.23980127311357,4.923045701923,0.000232894835084897,0.00500057152562446,0.343183106020071
ENSG00000070010,7353,UFD1,ubiquitin recognition factor in ER associated degradation 1,0.587115868111304,5.97043189619656,4.82374866097475,0.000280005139044661,0.0055948982244054,0.211615298282699
ENSG00000135047,1514,CTSL,cathepsin L,0.586764969734207,8.10047202646148,6.37253732516139,1.8383521799195e-05,0.000994745936281942,2.74864600576566
ENSG00000106028,6742,SSBP1,single stranded DNA binding protein 1,0.583961819229514,7.45155821570831,5.38479602570678,0.000100549881065839,0.00290567532649938,1.05460397330539
ENSG00000181222,5430,POLR2A,RNA polymerase II subunit A,0.581329689509109,7.24078958235276,5.18587191229672,0.00014389077020879,0.00364244689107808,0.706888439356759
ENSG00000157916,11079,RER1,retention in endoplasmic reticulum sorting receptor 1,0.577844620023786,7.24193499731104,5.16342623908375,0.000149878669837994,0.00375862138590615,0.680691193081723
ENSG00000164294,493869,GPX8,glutathione peroxidase 8 (putative),0.576861437736133,6.54778162545452,4.76337301298924,0.000313379973412017,0.00607552898019093,0.00642437622024961
ENSG00000130165,84337,ELOF1,elongation factor 1,0.574982943545477,6.74732879436662,4.5905130437804,0.000433651418392273,0.00755648120720176,-0.341939179428259
ENSG00000183431,10946,SF3A3,splicing factor 3a subunit 3,0.568898425056888,7.34121912582522,5.23800362654953,0.00013092401077982,0.00342163642435104,0.801207892412556
ENSG00000132507,1984,EIF5A,eukaryotic translation initiation factor 5A,0.567547705889435,8.33537834775141,4.62520294559595,0.00040617049741237,0.00725304459664946,-0.467055451380318
ENSG00000173812,10209,EIF1,eukaryotic translation initiation factor 1,0.563096500263741,9.10571398451309,5.03522571617376,0.000189419542349467,0.0043759170779157,0.261837995100255
ENSG00000173726,9804,TOMM20,translocase of outer mitochondrial membrane 20,0.556403996171192,7.03010918411326,5.15120270751018,0.000153248012937533,0.00379588972137898,0.661655631174955
ENSG00000172725,57175,CORO1B,coronin 1B,0.55539467994507,6.76450743241683,4.91099963824091,0.000238142599247574,0.00506602824916507,0.270338776444929
ENSG00000084073,10269,ZMPSTE24,zinc metallopeptidase STE24,0.551924151080576,6.91447458091126,4.86150197447456,0.000261026289895716,0.00531445571283891,0.14592330161465
ENSG00000125841,80023,NRSN2,neurensin 2,0.550880973422213,7.71015307372684,4.72650831165485,0.000335758406935857,0.00634713283920364,-0.203582713781714
ENSG00000060762,51660,MPC1,mitochondrial pyruvate carrier 1,0.550775486191151,6.74648285743041,4.62226907473219,0.000408423463171714,0.00727334442188315,-0.306775461977505
ENSG00000115524,23451,SF3B1,splicing factor 3b subunit 1,0.550647988077113,8.79400894467699,6.33112429396622,1.96875018363969e-05,0.00103006673219806,2.61411179469274
ENSG00000137055,9373,PLAA,phospholipase A2 activating protein,0.548400713495147,6.56842170008667,4.45460602060299,0.000561179722100076,0.00899505270264785,-0.588939558844629
ENSG00000117410,533,ATP6V0B,ATPase H+ transporting V0 subunit b,0.547131279776247,9.10335101772788,6.51752246813884,1.44890914218914e-05,0.00087494364773443,2.91437846725753
ENSG00000111237,51699,VPS29,VPS29 retromer complex component,0.545653053981796,7.10392543284446,5.46303671385543,8.74572980208135e-05,0.00266084703884079,1.24028031398161
ENSG00000002834,3927,LASP1,LIM and SH3 protein 1,0.545315036118195,6.31601150536626,4.38521921070526,0.000640621754512807,0.00981816686793437,-0.67759514847388
ENSG00000125977,8894,EIF2S2,eukaryotic translation initiation factor 2 subunit beta,0.54374932519292,6.5896549689737,4.7615948459809,0.000314423147685135,0.00608297893821415,0.00149720967778944
ENSG00000106591,64983,MRPL32,mitochondrial ribosomal protein L32,0.543723697442914,6.91091551797058,4.59834248666214,0.000427285712889233,0.00749704703018211,-0.366614390330531
ENSG00000100567,5684,PSMA3,proteasome 20S subunit alpha 3,0.54295234022257,7.71820398182186,5.60101312109732,6.85234038435111e-05,0.00226972417866587,1.42600727910769
ENSG00000175203,10540,DCTN2,dynactin subunit 2,0.541453736582922,7.61610106019114,4.61177822107099,0.00041658567922138,0.00737370370740368,-0.415620650425373
ENSG00000072803,23291,FBXW11,F-box and WD repeat domain containing 11,0.541090754950983,7.24076842830705,4.99783342369324,0.000202888728651852,0.00460137939453039,0.341301055319537
ENSG00000164975,6619,SNAPC3,small nuclear RNA activating complex polypeptide 3,0.539385620038189,6.90193079674799,4.94045013283521,0.000225523620523581,0.00491428159586858,0.287146237727725
ENSG00000111640,2597,GAPDH,glyceraldehyde-3-phosphate dehydrogenase,0.539267794079922,11.6505832694349,6.12077347496381,2.79866590072825e-05,0.00126837461243433,2.06538833745845
ENSG00000163479,6746,SSR2,signal sequence receptor subunit 2,0.539205262967563,7.74942672361086,5.46793072302303,8.66998637294559e-05,0.00265765472365163,1.18795202009572
ENSG00000103275,7329,UBE2I,ubiquitin conjugating enzyme E2 I,0.538230023596761,6.7966670129754,4.76407189208627,0.00031297095200315,0.00607552898019093,-0.0248533435450433
ENSG00000031698,6301,SARS1,seryl-tRNA synthetase 1,0.537788180252745,8.40770044651518,5.7177236057662,5.58599154887081e-05,0.00201927930034349,1.57602094304284
ENSG00000013275,5704,PSMC4,"proteasome 26S subunit, ATPase 4",0.53505589867004,7.74278318672442,5.40958034538261,9.61946205341354e-05,0.00282538844465015,1.07591274928177
ENSG00000172590,122704,MRPL52,mitochondrial ribosomal protein L52,0.534917916557077,6.61458023675798,4.38768683468642,0.000637606891445669,0.00980922481686822,-0.719145255868732
ENSG00000164587,6208,RPS14,ribosomal protein S14,0.533965712297526,8.82320835861175,4.92705776832191,0.000231173751627392,0.00498352506014932,0.0823892529485901
ENSG00000124762,1026,CDKN1A,cyclin dependent kinase inhibitor 1A,0.530153292930963,11.5082944430205,4.92097900603131,0.000233786579485688,0.00500638591528117,-0.130105794088956
ENSG00000049449,5954,RCN1,reticulocalbin 1,0.529199927605463,7.59822932449127,4.59720634912254,0.000428203430375053,0.00749704703018211,-0.434789656840188
ENSG00000159210,11267,SNF8,SNF8 subunit of ESCRT-II,0.525536954162609,6.3206358417715,4.48254536129415,0.000532123753513816,0.00869351117062846,-0.495267798034565
ENSG00000143570,27173,SLC39A1,solute carrier family 39 member 1,0.525401974695393,7.92474060562294,5.06632045163953,0.000178926979327183,0.00423049492910678,0.42318103452604
ENSG00000214517,51400,PPME1,protein phosphatase methylesterase 1,0.524289770798687,7.2609958845753,5.35628816745257,0.000105814749503436,0.00299445977650134,1.02208571928043
ENSG00000113583,56951,C5orf15,chromosome 5 open reading frame 15,0.523920469200004,7.22972398279859,4.46144037764781,0.00055392451217213,0.00893203275877559,-0.667165370278268
ENSG00000115649,27013,CNPPD1,cyclin Pas1/PHO80 domain containing 1,0.521019538561858,6.57254233591517,4.38708552591341,0.000638340203479274,0.00980922481686822,-0.732430027501524
ENSG00000165410,1073,CFL2,cofilin 2,0.518280726006878,8.33544115869685,5.87102213144237,4.28337220274447e-05,0.00172242834836046,1.84108805500524
ENSG00000122359,311,ANXA11,annexin A11,0.514512602851498,6.87972144046618,4.69900962874016,0.000353523309167557,0.00660346631618491,-0.166591465736325
ENSG00000141349,92579,G6PC3,glucose-6-phosphatase catalytic subunit 3,0.501398062928446,7.76210841364053,5.09948585073122,0.000168398776265937,0.00404030806497999,0.492203908332374
ENSG00000101474,57136,APMAP,adipocyte plasma membrane associated protein,0.495502798768595,7.47617345809863,5.11468551381962,0.000163790835791551,0.00395971098521552,0.556407173600697
ENSG00000075624,60,ACTB,actin beta,0.491310856867875,12.2367535978704,4.5018617815075,0.000512945354368839,0.00854664098841211,-0.965532160481166
ENSG00000114125,9616,RNF7,ring finger protein 7,0.491049890577477,7.33831824342869,4.66982498586231,0.000373443386796393,0.00686633365118795,-0.269900832148347
ENSG00000101608,10627,MYL12A,myosin light chain 12A,0.485292410181343,8.24125193309897,5.40445715752797,9.70784936299643e-05,0.00283819664797872,1.01948647221758
ENSG00000113758,1627,DBN1,drebrin 1,0.482307915063812,7.5004176760096,4.6186662297784,0.000411207809490086,0.00730256159474409,-0.382469412828116
ENSG00000162244,6159,RPL29,ribosomal protein L29,0.481621287695407,7.89897929920118,4.50016365484861,0.000514602417448008,0.00854664098841211,-0.655086303227889
ENSG00000074800,2023,ENO1,enolase 1,0.480359002942519,10.6783349625426,4.79698453112771,0.000294321144042985,0.00580341783198193,-0.311707227643256
ENSG00000136888,9550,ATP6V1G1,ATPase H+ transporting V1 subunit G1,0.479473443098889,7.96047460157492,4.67482442414934,0.000369950386983788,0.00681536983484893,-0.328922151364599
ENSG00000136930,5695,PSMB7,proteasome 20S subunit beta 7,0.478691742888362,8.18876975573302,5.60214786133206,6.83867907118539e-05,0.00226972417866587,1.38404616037002
ENSG00000128463,51234,EMC4,ER membrane protein complex subunit 4,0.471149352838333,7.51091245059086,4.99438379860773,0.000204180428149496,0.00462417051111042,0.329734690461525
ENSG00000125991,51614,ERGIC3,ERGIC and golgi 3,0.46710956376614,7.79124155870549,4.93133590534224,0.000229353053937697,0.00495753082405545,0.17831706143842
ENSG00000175130,65108,MARCKSL1,MARCKS like 1,0.465417659236289,8.78344706750821,4.61339670629546,0.000415315540898702,0.00735930010658414,-0.517717712532554
ENSG00000134153,56851,EMC7,ER membrane protein complex subunit 7,0.462022919214824,7.69327836018792,4.78914825806838,0.000298654588685731,0.00587760459402252,-0.0814360135893946
ENSG00000089220,5037,PEBP1,phosphatidylethanolamine binding protein 1,0.4605910597093,8.84398639663454,4.77812384116521,0.000304863180181578,0.00596592085003391,-0.211004027722969
ENSG00000096384,3326,HSP90AB1,heat shock protein 90 alpha family class B member 1,0.43962764025715,10.0570491039305,4.81401930598037,0.000285124027656807,0.00566908131438473,-0.236013403493064
ENSG00000064726,53339,BTBD1,BTB domain containing 1,0.436150264283782,8.05533544548833,4.48941833752903,0.000525216593634682,0.00861558247442447,-0.704835439203904
ENSG00000103423,9093,DNAJA3,DnaJ heat shock protein family (Hsp40) member A3,0.431807161707902,7.63933123757447,4.38478878942468,0.000641149129422319,0.00981816686793437,-0.860876250286991
ENSG00000101182,5688,PSMA7,proteasome 20S subunit alpha 7,0.381435025132269,8.9274033831366,4.40496310502484,0.000616904044432304,0.00959264967837118,-0.934529515192637
